Id,IndicatorCode,SpatialDimType,SpatialDim,ParentLocationCode,TimeDimType,ParentLocation,Dim1Type,Dim1,TimeDim,Dim2Type,Dim2,Dim3Type,Dim3,DataSourceDimType,DataSourceDim,Value,NumericValue,Low,High,Comments,Date,TimeDimensionValue,TimeDimensionBegin,TimeDimensionEnd
5933282,HEPATITIS_HBV_INFECTIONS_NEW_NUM,COUNTRY,YEM,EMR,YEAR,Eastern Mediterranean,,,2022,,,,,,,5474,5474.0,,,,2025-01-08T11:26:29.403+01:00,2022,2022-01-01T00:00:00+01:00,2022-12-31T00:00:00+01:00
2181149,HEPATITIS_HBV_INFECTIONS_NEW_NUM,COUNTRY,AFG,EMR,YEAR,Eastern Mediterranean,,,2022,,,,,,,5225,5225.0,,,,2025-01-08T11:26:29.403+01:00,2022,2022-01-01T00:00:00+01:00,2022-12-31T00:00:00+01:00
4040604,HEPATITIS_HBV_INFECTIONS_NEW_NUM,COUNTRY,NOR,EUR,YEAR,Europe,,,2022,,,,,,,4,4.0,,,,2025-01-08T11:26:29.403+01:00,2022,2022-01-01T00:00:00+01:00,2022-12-31T00:00:00+01:00
279212,HEPATITIS_HBV_INFECTIONS_NEW_NUM,COUNTRY,GRD,AMR,YEAR,Americas,,,2022,,,,,,,6,6.0,,,,2025-01-08T11:26:29.403+01:00,2022,2022-01-01T00:00:00+01:00,2022-12-31T00:00:00+01:00
7929297,HEPATITIS_HBV_INFECTIONS_NEW_NUM,COUNTRY,MEX,AMR,YEAR,Americas,,,2022,,,,,,,188,188.0,,,,2024-04-02T13:53:05.823+02:00,2022,2022-01-01T00:00:00+01:00,2022-12-31T00:00:00+01:00
6930509,HEPATITIS_HBV_INFECTIONS_NEW_NUM,COUNTRY,KGZ,EUR,YEAR,Europe,,,2022,,,,,,,730,730.0,,,,2025-01-08T11:26:29.403+01:00,2022,2022-01-01T00:00:00+01:00,2022-12-31T00:00:00+01:00
2162408,HEPATITIS_HBV_INFECTIONS_NEW_NUM,COUNTRY,IRQ,EMR,YEAR,Eastern Mediterranean,,,2022,,,,,,,8241,8241.0,,,,2025-01-08T11:26:29.403+01:00,2022,2022-01-01T00:00:00+01:00,2022-12-31T00:00:00+01:00
4091733,HEPATITIS_HBV_INFECTIONS_NEW_NUM,COUNTRY,ARE,EMR,YEAR,Eastern Mediterranean,,,2022,,,,,,,25,25.0,,,,2025-01-08T11:26:29.403+01:00,2022,2022-01-01T00:00:00+01:00,2022-12-31T00:00:00+01:00
7662571,HEPATITIS_HBV_INFECTIONS_NEW_NUM,COUNTRY,MKD,EUR,YEAR,Europe,,,2022,,,,,,,48,48.0,,,,2025-01-08T11:26:29.403+01:00,2022,2022-01-01T00:00:00+01:00,2022-12-31T00:00:00+01:00
4473132,HEPATITIS_HBV_INFECTIONS_NEW_NUM,COUNTRY,TUR,EUR,YEAR,Europe,,,2022,,,,,,,1329,1329.0,,,,2025-01-08T11:26:29.403+01:00,2022,2022-01-01T00:00:00+01:00,2022-12-31T00:00:00+01:00
5462936,HEPATITIS_HBV_INFECTIONS_NEW_NUM,COUNTRY,KWT,EMR,YEAR,Eastern Mediterranean,,,2022,,,,,,,26,26.0,,,,2025-01-08T11:26:29.403+01:00,2022,2022-01-01T00:00:00+01:00,2022-12-31T00:00:00+01:00
3856462,HEPATITIS_HBV_INFECTIONS_NEW_NUM,COUNTRY,HTI,AMR,YEAR,Americas,,,2022,,,,,,,1498,1498.0,,,,2025-01-08T11:26:29.403+01:00,2022,2022-01-01T00:00:00+01:00,2022-12-31T00:00:00+01:00
4454071,HEPATITIS_HBV_INFECTIONS_NEW_NUM,COUNTRY,SLE,AFR,YEAR,Africa,,,2022,,,,,,,2506,2506.0,,,,2025-01-08T11:26:29.403+01:00,2022,2022-01-01T00:00:00+01:00,2022-12-31T00:00:00+01:00
438260,HEPATITIS_HBV_INFECTIONS_NEW_NUM,COUNTRY,RWA,AFR,YEAR,Africa,,,2022,,,,,,,8115,8115.0,,,,2024-04-02T13:53:05.823+02:00,2022,2022-01-01T00:00:00+01:00,2022-12-31T00:00:00+01:00
9489015,HEPATITIS_HBV_INFECTIONS_NEW_NUM,COUNTRY,BRA,AMR,YEAR,Americas,,,2022,,,,,,,642,642.0,,,,2025-01-08T11:26:29.403+01:00,2022,2022-01-01T00:00:00+01:00,2022-12-31T00:00:00+01:00
6219892,HEPATITIS_HBV_INFECTIONS_NEW_NUM,COUNTRY,GIN,AFR,YEAR,Africa,,,2022,,,,,,,22 313,22313.0,,,,2025-01-08T11:26:29.403+01:00,2022,2022-01-01T00:00:00+01:00,2022-12-31T00:00:00+01:00
8658299,HEPATITIS_HBV_INFECTIONS_NEW_NUM,COUNTRY,LCA,AMR,YEAR,Americas,,,2022,,,,,,,9,9.0,,,,2025-01-08T11:26:29.403+01:00,2022,2022-01-01T00:00:00+01:00,2022-12-31T00:00:00+01:00
705918,HEPATITIS_HBV_INFECTIONS_NEW_NUM,COUNTRY,ISR,EUR,YEAR,Europe,,,2022,,,,,,,169,169.0,,,,2025-01-08T11:26:29.403+01:00,2022,2022-01-01T00:00:00+01:00,2022-12-31T00:00:00+01:00
9388164,HEPATITIS_HBV_INFECTIONS_NEW_NUM,COUNTRY,SGP,WPR,YEAR,Western Pacific,,,2022,,,,,,,41,41.0,,,,2025-01-08T11:26:29.403+01:00,2022,2022-01-01T00:00:00+01:00,2022-12-31T00:00:00+01:00
9185394,HEPATITIS_HBV_INFECTIONS_NEW_NUM,COUNTRY,WSM,WPR,YEAR,Western Pacific,,,2022,,,,,,,41,41.0,,,,2025-01-08T11:26:29.403+01:00,2022,2022-01-01T00:00:00+01:00,2022-12-31T00:00:00+01:00
6042143,HEPATITIS_HBV_INFECTIONS_NEW_NUM,COUNTRY,THA,SEAR,YEAR,South-East Asia,,,2022,,,,,,,1104,1104.0,,,,2024-04-02T13:53:05.823+02:00,2022,2022-01-01T00:00:00+01:00,2022-12-31T00:00:00+01:00
3481108,HEPATITIS_HBV_INFECTIONS_NEW_NUM,COUNTRY,AGO,AFR,YEAR,Africa,,,2022,,,,,,,51 873,51873.0,,,,2025-01-08T11:26:29.403+01:00,2022,2022-01-01T00:00:00+01:00,2022-12-31T00:00:00+01:00
2305577,HEPATITIS_HBV_INFECTIONS_NEW_NUM,COUNTRY,COD,AFR,YEAR,Africa,,,2022,,,,,,,105 240,105240.0,,,,2025-01-08T11:26:29.403+01:00,2022,2022-01-01T00:00:00+01:00,2022-12-31T00:00:00+01:00
1495304,HEPATITIS_HBV_INFECTIONS_NEW_NUM,COUNTRY,PLW,WPR,YEAR,Western Pacific,,,2022,,,,,,,13,13.0,,,,2025-01-08T11:26:29.403+01:00,2022,2022-01-01T00:00:00+01:00,2022-12-31T00:00:00+01:00
222901,HEPATITIS_HBV_INFECTIONS_NEW_NUM,COUNTRY,GNB,AFR,YEAR,Africa,,,2022,,,,,,,936,936.0,,,,2025-01-08T11:26:29.403+01:00,2022,2022-01-01T00:00:00+01:00,2022-12-31T00:00:00+01:00
2299292,HEPATITIS_HBV_INFECTIONS_NEW_NUM,COUNTRY,ARG,AMR,YEAR,Americas,,,2022,,,,,,,152,152.0,,,,2025-01-08T11:26:29.403+01:00,2022,2022-01-01T00:00:00+01:00,2022-12-31T00:00:00+01:00
4244913,HEPATITIS_HBV_INFECTIONS_NEW_NUM,COUNTRY,HND,AMR,YEAR,Americas,,,2022,,,,,,,46,46.0,,,,2025-01-08T11:26:29.403+01:00,2022,2022-01-01T00:00:00+01:00,2022-12-31T00:00:00+01:00
8887896,HEPATITIS_HBV_INFECTIONS_NEW_NUM,COUNTRY,PER,AMR,YEAR,Americas,,,2022,,,,,,,361,361.0,,,,2025-01-08T11:26:29.403+01:00,2022,2022-01-01T00:00:00+01:00,2022-12-31T00:00:00+01:00
4505893,HEPATITIS_HBV_INFECTIONS_NEW_NUM,COUNTRY,MDG,AFR,YEAR,Africa,,,2022,,,,,,,4087,4087.0,,,,2025-01-08T11:26:29.403+01:00,2022,2022-01-01T00:00:00+01:00,2022-12-31T00:00:00+01:00
1260067,HEPATITIS_HBV_INFECTIONS_NEW_NUM,COUNTRY,IDN,SEAR,YEAR,South-East Asia,,,2022,,,,,,,158 563,158563.0,,,,2025-01-08T11:26:29.403+01:00,2022,2022-01-01T00:00:00+01:00,2022-12-31T00:00:00+01:00
2112490,HEPATITIS_HBV_INFECTIONS_NEW_NUM,COUNTRY,BRB,AMR,YEAR,Americas,,,2022,,,,,,,14,14.0,,,,2025-01-08T11:26:29.403+01:00,2022,2022-01-01T00:00:00+01:00,2022-12-31T00:00:00+01:00
1610442,HEPATITIS_HBV_INFECTIONS_NEW_NUM,COUNTRY,PAK,EMR,YEAR,Eastern Mediterranean,,,2022,,,,,,,15 068,15068.0,,,,2025-01-08T11:26:29.403+01:00,2022,2022-01-01T00:00:00+01:00,2022-12-31T00:00:00+01:00
115343,HEPATITIS_HBV_INFECTIONS_NEW_NUM,COUNTRY,NIU,WPR,YEAR,Western Pacific,,,2022,,,,,,,1,1.0,,,,2025-01-08T11:26:29.403+01:00,2022,2022-01-01T00:00:00+01:00,2022-12-31T00:00:00+01:00
2131628,HEPATITIS_HBV_INFECTIONS_NEW_NUM,COUNTRY,VUT,WPR,YEAR,Western Pacific,,,2022,,,,,,,120,120.0,,,,2024-04-02T13:53:05.823+02:00,2022,2022-01-01T00:00:00+01:00,2022-12-31T00:00:00+01:00
7847935,HEPATITIS_HBV_INFECTIONS_NEW_NUM,COUNTRY,TLS,SEAR,YEAR,South-East Asia,,,2022,,,,,,,657,657.0,,,,2025-01-08T11:26:29.403+01:00,2022,2022-01-01T00:00:00+01:00,2022-12-31T00:00:00+01:00
9800785,HEPATITIS_HBV_INFECTIONS_NEW_NUM,COUNTRY,MCO,EUR,YEAR,Europe,,,2022,,,,,,,0,0.0,,,,2025-01-08T11:26:29.403+01:00,2022,2022-01-01T00:00:00+01:00,2022-12-31T00:00:00+01:00
1986031,HEPATITIS_HBV_INFECTIONS_NEW_NUM,COUNTRY,FJI,WPR,YEAR,Western Pacific,,,2022,,,,,,,37,37.0,,,,2025-01-08T11:26:29.403+01:00,2022,2022-01-01T00:00:00+01:00,2022-12-31T00:00:00+01:00
1152090,HEPATITIS_HBV_INFECTIONS_NEW_NUM,COUNTRY,CUB,AMR,YEAR,Americas,,,2022,,,,,,,3,3.0,,,,2025-01-08T11:26:29.403+01:00,2022,2022-01-01T00:00:00+01:00,2022-12-31T00:00:00+01:00
1413159,HEPATITIS_HBV_INFECTIONS_NEW_NUM,COUNTRY,PRY,AMR,YEAR,Americas,,,2022,,,,,,,106,106.0,,,,2025-01-08T11:26:29.403+01:00,2022,2022-01-01T00:00:00+01:00,2022-12-31T00:00:00+01:00
4671573,HEPATITIS_HBV_INFECTIONS_NEW_NUM,COUNTRY,SAU,EMR,YEAR,Eastern Mediterranean,,,2022,,,,,,,273,273.0,,,,2025-01-08T11:26:29.403+01:00,2022,2022-01-01T00:00:00+01:00,2022-12-31T00:00:00+01:00
5115507,HEPATITIS_HBV_INFECTIONS_NEW_NUM,COUNTRY,DZA,AFR,YEAR,Africa,,,2022,,,,,,,709,709.0,,,,2025-01-08T11:26:29.403+01:00,2022,2022-01-01T00:00:00+01:00,2022-12-31T00:00:00+01:00
9141760,HEPATITIS_HBV_INFECTIONS_NEW_NUM,COUNTRY,MNE,EUR,YEAR,Europe,,,2022,,,,,,,6,6.0,,,,2025-01-08T11:26:29.403+01:00,2022,2022-01-01T00:00:00+01:00,2022-12-31T00:00:00+01:00
4627341,HEPATITIS_HBV_INFECTIONS_NEW_NUM,COUNTRY,MNG,WPR,YEAR,Western Pacific,,,2022,,,,,,,316,316.0,,,,2025-01-08T11:26:29.403+01:00,2022,2022-01-01T00:00:00+01:00,2022-12-31T00:00:00+01:00
8095167,HEPATITIS_HBV_INFECTIONS_NEW_NUM,COUNTRY,KOR,WPR,YEAR,Western Pacific,,,2022,,,,,,,189,189.0,,,,2025-01-08T11:26:29.403+01:00,2022,2022-01-01T00:00:00+01:00,2022-12-31T00:00:00+01:00
5617075,HEPATITIS_HBV_INFECTIONS_NEW_NUM,COUNTRY,GAB,AFR,YEAR,Africa,,,2022,,,,,,,1435,1435.0,,,,2025-01-08T11:26:29.403+01:00,2022,2022-01-01T00:00:00+01:00,2022-12-31T00:00:00+01:00
1432394,HEPATITIS_HBV_INFECTIONS_NEW_NUM,COUNTRY,DOM,AMR,YEAR,Americas,,,2022,,,,,,,281,281.0,,,,2025-01-08T11:26:29.403+01:00,2022,2022-01-01T00:00:00+01:00,2022-12-31T00:00:00+01:00
7071999,HEPATITIS_HBV_INFECTIONS_NEW_NUM,COUNTRY,KAZ,EUR,YEAR,Europe,,,2022,,,,,,,956,956.0,,,,2025-01-08T11:26:29.403+01:00,2022,2022-01-01T00:00:00+01:00,2022-12-31T00:00:00+01:00
9483829,HEPATITIS_HBV_INFECTIONS_NEW_NUM,COUNTRY,ECU,AMR,YEAR,Americas,,,2022,,,,,,,251,251.0,,,,2025-01-08T11:26:29.403+01:00,2022,2022-01-01T00:00:00+01:00,2022-12-31T00:00:00+01:00
8760852,HEPATITIS_HBV_INFECTIONS_NEW_NUM,COUNTRY,TTO,AMR,YEAR,Americas,,,2022,,,,,,,25,25.0,,,,2025-01-08T11:26:29.403+01:00,2022,2022-01-01T00:00:00+01:00,2022-12-31T00:00:00+01:00
4608370,HEPATITIS_HBV_INFECTIONS_NEW_NUM,COUNTRY,TJK,EUR,YEAR,Europe,,,2022,,,,,,,541,541.0,,,,2025-01-08T11:26:29.403+01:00,2022,2022-01-01T00:00:00+01:00,2022-12-31T00:00:00+01:00
2005558,HEPATITIS_HBV_INFECTIONS_NEW_NUM,COUNTRY,BRN,WPR,YEAR,Western Pacific,,,2022,,,,,,,1,1.0,,,,2025-01-08T11:26:29.403+01:00,2022,2022-01-01T00:00:00+01:00,2022-12-31T00:00:00+01:00
3781431,HEPATITIS_HBV_INFECTIONS_NEW_NUM,COUNTRY,GNQ,AFR,YEAR,Africa,,,2022,,,,,,,1569,1569.0,,,,2025-01-08T11:26:29.403+01:00,2022,2022-01-01T00:00:00+01:00,2022-12-31T00:00:00+01:00
2815185,HEPATITIS_HBV_INFECTIONS_NEW_NUM,COUNTRY,MDV,SEAR,YEAR,South-East Asia,,,2022,,,,,,,175,175.0,,,,2025-01-08T11:26:29.403+01:00,2022,2022-01-01T00:00:00+01:00,2022-12-31T00:00:00+01:00
6518933,HEPATITIS_HBV_INFECTIONS_NEW_NUM,COUNTRY,UGA,AFR,YEAR,Africa,,,2022,,,,,,,5549,5549.0,,,,2025-01-08T11:26:29.403+01:00,2022,2022-01-01T00:00:00+01:00,2022-12-31T00:00:00+01:00
3526681,HEPATITIS_HBV_INFECTIONS_NEW_NUM,COUNTRY,GEO,EUR,YEAR,Europe,,,2022,,,,,,,132,132.0,,,,2024-04-02T13:53:05.823+02:00,2022,2022-01-01T00:00:00+01:00,2022-12-31T00:00:00+01:00
904330,HEPATITIS_HBV_INFECTIONS_NEW_NUM,COUNTRY,ZMB,AFR,YEAR,Africa,,,2022,,,,,,,2169,2169.0,,,,2025-01-08T11:26:29.403+01:00,2022,2022-01-01T00:00:00+01:00,2022-12-31T00:00:00+01:00
9751212,HEPATITIS_HBV_INFECTIONS_NEW_NUM,COUNTRY,ZWE,AFR,YEAR,Africa,,,2022,,,,,,,5389,5389.0,,,,2025-01-08T11:26:29.403+01:00,2022,2022-01-01T00:00:00+01:00,2022-12-31T00:00:00+01:00
751817,HEPATITIS_HBV_INFECTIONS_NEW_NUM,COUNTRY,CHL,AMR,YEAR,Americas,,,2022,,,,,,,8,8.0,,,,2025-01-08T11:26:29.403+01:00,2022,2022-01-01T00:00:00+01:00,2022-12-31T00:00:00+01:00
7492122,HEPATITIS_HBV_INFECTIONS_NEW_NUM,COUNTRY,LAO,WPR,YEAR,Western Pacific,,,2022,,,,,,,961,961.0,,,,2024-04-02T13:53:05.823+02:00,2022,2022-01-01T00:00:00+01:00,2022-12-31T00:00:00+01:00
1674630,HEPATITIS_HBV_INFECTIONS_NEW_NUM,COUNTRY,KIR,WPR,YEAR,Western Pacific,,,2022,,,,,,,39,39.0,,,,2025-01-08T11:26:29.403+01:00,2022,2022-01-01T00:00:00+01:00,2022-12-31T00:00:00+01:00
84320,HEPATITIS_HBV_INFECTIONS_NEW_NUM,COUNTRY,GTM,AMR,YEAR,Americas,,,2022,,,,,,,200,200.0,,,,2025-01-08T11:26:29.403+01:00,2022,2022-01-01T00:00:00+01:00,2022-12-31T00:00:00+01:00
3368191,HEPATITIS_HBV_INFECTIONS_NEW_NUM,COUNTRY,NPL,SEAR,YEAR,South-East Asia,,,2022,,,,,,,2023,2023.0,,,,2025-01-08T11:26:29.403+01:00,2022,2022-01-01T00:00:00+01:00,2022-12-31T00:00:00+01:00
2170573,HEPATITIS_HBV_INFECTIONS_NEW_NUM,COUNTRY,PAN,AMR,YEAR,Americas,,,2022,,,,,,,21,21.0,,,,2025-01-08T11:26:29.403+01:00,2022,2022-01-01T00:00:00+01:00,2022-12-31T00:00:00+01:00
3953506,HEPATITIS_HBV_INFECTIONS_NEW_NUM,COUNTRY,LKA,SEAR,YEAR,South-East Asia,,,2022,,,,,,,1491,1491.0,,,,2025-01-08T11:26:29.403+01:00,2022,2022-01-01T00:00:00+01:00,2022-12-31T00:00:00+01:00
8444148,HEPATITIS_HBV_INFECTIONS_NEW_NUM,COUNTRY,MDA,EUR,YEAR,Europe,,,2022,,,,,,,270,270.0,,,,2025-01-08T11:26:29.403+01:00,2022,2022-01-01T00:00:00+01:00,2022-12-31T00:00:00+01:00
3457043,HEPATITIS_HBV_INFECTIONS_NEW_NUM,COUNTRY,PNG,WPR,YEAR,Western Pacific,,,2022,,,,,,,8545,8545.0,,,,2025-01-08T11:26:29.403+01:00,2022,2022-01-01T00:00:00+01:00,2022-12-31T00:00:00+01:00
5116325,HEPATITIS_HBV_INFECTIONS_NEW_NUM,COUNTRY,JAM,AMR,YEAR,Americas,,,2022,,,,,,,167,167.0,,,,2025-01-08T11:26:29.403+01:00,2022,2022-01-01T00:00:00+01:00,2022-12-31T00:00:00+01:00
6741481,HEPATITIS_HBV_INFECTIONS_NEW_NUM,COUNTRY,CPV,AFR,YEAR,Africa,,,2022,,,,,,,98,98.0,,,,2025-01-08T11:26:29.403+01:00,2022,2022-01-01T00:00:00+01:00,2022-12-31T00:00:00+01:00
6024581,HEPATITIS_HBV_INFECTIONS_NEW_NUM,COUNTRY,SSD,AFR,YEAR,Africa,,,2022,,,,,,,9232,9232.0,,,,2025-01-08T11:26:29.403+01:00,2022,2022-01-01T00:00:00+01:00,2022-12-31T00:00:00+01:00
2326203,HEPATITIS_HBV_INFECTIONS_NEW_NUM,COUNTRY,IRN,EMR,YEAR,Eastern Mediterranean,,,2022,,,,,,,334,334.0,,,,2025-01-08T11:26:29.403+01:00,2022,2022-01-01T00:00:00+01:00,2022-12-31T00:00:00+01:00
1012924,HEPATITIS_HBV_INFECTIONS_NEW_NUM,COUNTRY,BLR,EUR,YEAR,Europe,,,2022,,,,,,,858,858.0,,,,2024-04-02T13:53:05.823+02:00,2022,2022-01-01T00:00:00+01:00,2022-12-31T00:00:00+01:00
2892237,HEPATITIS_HBV_INFECTIONS_NEW_NUM,COUNTRY,DJI,EMR,YEAR,Eastern Mediterranean,,,2022,,,,,,,725,725.0,,,,2025-01-08T11:26:29.403+01:00,2022,2022-01-01T00:00:00+01:00,2022-12-31T00:00:00+01:00
1032218,HEPATITIS_HBV_INFECTIONS_NEW_NUM,COUNTRY,VEN,AMR,YEAR,Americas,,,2022,,,,,,,1187,1187.0,,,,2025-01-08T11:26:29.403+01:00,2022,2022-01-01T00:00:00+01:00,2022-12-31T00:00:00+01:00
9764414,HEPATITIS_HBV_INFECTIONS_NEW_NUM,COUNTRY,NRU,WPR,YEAR,Western Pacific,,,2022,,,,,,,9,9.0,,,,2025-01-08T11:26:29.403+01:00,2022,2022-01-01T00:00:00+01:00,2022-12-31T00:00:00+01:00
5072293,HEPATITIS_HBV_INFECTIONS_NEW_NUM,COUNTRY,BTN,SEAR,YEAR,South-East Asia,,,2022,,,,,,,14,14.0,,,,2024-04-02T13:53:05.823+02:00,2022,2022-01-01T00:00:00+01:00,2022-12-31T00:00:00+01:00
9098890,HEPATITIS_HBV_INFECTIONS_NEW_NUM,COUNTRY,BHR,EMR,YEAR,Eastern Mediterranean,,,2022,,,,,,,8,8.0,,,,2025-01-08T11:26:29.403+01:00,2022,2022-01-01T00:00:00+01:00,2022-12-31T00:00:00+01:00
3553212,HEPATITIS_HBV_INFECTIONS_NEW_NUM,COUNTRY,NER,AFR,YEAR,Africa,,,2022,,,,,,,43 850,43850.0,,,,2025-01-08T11:26:29.403+01:00,2022,2022-01-01T00:00:00+01:00,2022-12-31T00:00:00+01:00
4679454,HEPATITIS_HBV_INFECTIONS_NEW_NUM,COUNTRY,ZAF,AFR,YEAR,Africa,,,2022,,,,,,,13 339,13339.0,,,,2025-01-08T11:26:29.403+01:00,2022,2022-01-01T00:00:00+01:00,2022-12-31T00:00:00+01:00
2466492,HEPATITIS_HBV_INFECTIONS_NEW_NUM,COUNTRY,GHA,AFR,YEAR,Africa,,,2022,,,,,,,10 325,10325.0,,,,2025-01-08T11:26:29.403+01:00,2022,2022-01-01T00:00:00+01:00,2022-12-31T00:00:00+01:00
187016,HEPATITIS_HBV_INFECTIONS_NEW_NUM,COUNTRY,UZB,EUR,YEAR,Europe,,,2022,,,,,,,801,801.0,,,,2025-01-08T11:26:29.403+01:00,2022,2022-01-01T00:00:00+01:00,2022-12-31T00:00:00+01:00
9377929,HEPATITIS_HBV_INFECTIONS_NEW_NUM,COUNTRY,MUS,AFR,YEAR,Africa,,,2022,,,,,,,433,433.0,,,,2025-01-08T11:26:29.403+01:00,2022,2022-01-01T00:00:00+01:00,2022-12-31T00:00:00+01:00
4641774,HEPATITIS_HBV_INFECTIONS_NEW_NUM,COUNTRY,QAT,EMR,YEAR,Eastern Mediterranean,,,2022,,,,,,,51,51.0,,,,2025-01-08T11:26:29.403+01:00,2022,2022-01-01T00:00:00+01:00,2022-12-31T00:00:00+01:00
5669717,HEPATITIS_HBV_INFECTIONS_NEW_NUM,COUNTRY,SYC,AFR,YEAR,Africa,,,2022,,,,,,,36,36.0,,,,2025-01-08T11:26:29.403+01:00,2022,2022-01-01T00:00:00+01:00,2022-12-31T00:00:00+01:00
4629110,HEPATITIS_HBV_INFECTIONS_NEW_NUM,COUNTRY,TUV,WPR,YEAR,Western Pacific,,,2022,,,,,,,3,3.0,,,,2025-01-08T11:26:29.403+01:00,2022,2022-01-01T00:00:00+01:00,2022-12-31T00:00:00+01:00
314172,HEPATITIS_HBV_INFECTIONS_NEW_NUM,COUNTRY,MOZ,AFR,YEAR,Africa,,,2022,,,,,,,13 807,13807.0,,,,2025-01-08T11:26:29.403+01:00,2022,2022-01-01T00:00:00+01:00,2022-12-31T00:00:00+01:00
2498413,HEPATITIS_HBV_INFECTIONS_NEW_NUM,COUNTRY,LBY,EMR,YEAR,Eastern Mediterranean,,,2022,,,,,,,232,232.0,,,,2024-04-02T13:53:05.823+02:00,2022,2022-01-01T00:00:00+01:00,2022-12-31T00:00:00+01:00
3942044,HEPATITIS_HBV_INFECTIONS_NEW_NUM,COUNTRY,RUS,EUR,YEAR,Europe,,,2022,,,,,,,9297,9297.0,,,,2024-04-02T13:53:05.823+02:00,2022,2022-01-01T00:00:00+01:00,2022-12-31T00:00:00+01:00
2485896,HEPATITIS_HBV_INFECTIONS_NEW_NUM,COUNTRY,KNA,AMR,YEAR,Americas,,,2022,,,,,,,2,2.0,,,,2025-01-08T11:26:29.403+01:00,2022,2022-01-01T00:00:00+01:00,2022-12-31T00:00:00+01:00
6464186,HEPATITIS_HBV_INFECTIONS_NEW_NUM,COUNTRY,SRB,EUR,YEAR,Europe,,,2022,,,,,,,127,127.0,,,,2025-01-08T11:26:29.403+01:00,2022,2022-01-01T00:00:00+01:00,2022-12-31T00:00:00+01:00
9282873,HEPATITIS_HBV_INFECTIONS_NEW_NUM,COUNTRY,SOM,EMR,YEAR,Eastern Mediterranean,,,2022,,,,,,,12 218,12218.0,,,,2025-01-08T11:26:29.403+01:00,2022,2022-01-01T00:00:00+01:00,2022-12-31T00:00:00+01:00
3243147,HEPATITIS_HBV_INFECTIONS_NEW_NUM,COUNTRY,SLB,WPR,YEAR,Western Pacific,,,2022,,,,,,,334,334.0,,,,2025-01-08T11:26:29.403+01:00,2022,2022-01-01T00:00:00+01:00,2022-12-31T00:00:00+01:00
1568067,HEPATITIS_HBV_INFECTIONS_NEW_NUM,COUNTRY,OMN,EMR,YEAR,Eastern Mediterranean,,,2022,,,,,,,74,74.0,,,,2025-01-08T11:26:29.403+01:00,2022,2022-01-01T00:00:00+01:00,2022-12-31T00:00:00+01:00
1491643,HEPATITIS_HBV_INFECTIONS_NEW_NUM,COUNTRY,MAR,EMR,YEAR,Eastern Mediterranean,,,2022,,,,,,,187,187.0,,,,2025-01-08T11:26:29.403+01:00,2022,2022-01-01T00:00:00+01:00,2022-12-31T00:00:00+01:00
1001423,HEPATITIS_HBV_INFECTIONS_NEW_NUM,COUNTRY,ETH,AFR,YEAR,Africa,,,2022,,,,,,,32 926,32926.0,,,,2025-01-08T11:26:29.403+01:00,2022,2022-01-01T00:00:00+01:00,2022-12-31T00:00:00+01:00
9600470,HEPATITIS_HBV_INFECTIONS_NEW_NUM,COUNTRY,GUY,AMR,YEAR,Americas,,,2022,,,,,,,32,32.0,,,,2025-01-08T11:26:29.403+01:00,2022,2022-01-01T00:00:00+01:00,2022-12-31T00:00:00+01:00
3948787,HEPATITIS_HBV_INFECTIONS_NEW_NUM,COUNTRY,CHE,EUR,YEAR,Europe,,,2022,,,,,,,15,15.0,,,,2025-01-08T11:26:29.403+01:00,2022,2022-01-01T00:00:00+01:00,2022-12-31T00:00:00+01:00
1415486,HEPATITIS_HBV_INFECTIONS_NEW_NUM,COUNTRY,BHS,AMR,YEAR,Americas,,,2022,,,,,,,21,21.0,,,,2025-01-08T11:26:29.403+01:00,2022,2022-01-01T00:00:00+01:00,2022-12-31T00:00:00+01:00
7436809,HEPATITIS_HBV_INFECTIONS_NEW_NUM,COUNTRY,CMR,AFR,YEAR,Africa,,,2022,,,,,,,14 763,14763.0,,,,2025-01-08T11:26:29.403+01:00,2022,2022-01-01T00:00:00+01:00,2022-12-31T00:00:00+01:00
4655059,HEPATITIS_HBV_INFECTIONS_NEW_NUM,COUNTRY,LBN,EMR,YEAR,Eastern Mediterranean,,,2022,,,,,,,95,95.0,,,,2025-01-08T11:26:29.403+01:00,2022,2022-01-01T00:00:00+01:00,2022-12-31T00:00:00+01:00
4387409,HEPATITIS_HBV_INFECTIONS_NEW_NUM,COUNTRY,GMB,AFR,YEAR,Africa,,,2022,,,,,,,142,142.0,,,,2025-01-08T11:26:29.403+01:00,2022,2022-01-01T00:00:00+01:00,2022-12-31T00:00:00+01:00
4794671,HEPATITIS_HBV_INFECTIONS_NEW_NUM,COUNTRY,LBR,AFR,YEAR,Africa,,,2022,,,,,,,1996,1996.0,,,,2025-01-08T11:26:29.403+01:00,2022,2022-01-01T00:00:00+01:00,2022-12-31T00:00:00+01:00
9581554,HEPATITIS_HBV_INFECTIONS_NEW_NUM,COUNTRY,UKR,EUR,YEAR,Europe,,,2022,,,,,,,990,990.0,,,,2025-01-08T11:26:29.403+01:00,2022,2022-01-01T00:00:00+01:00,2022-12-31T00:00:00+01:00
5530181,HEPATITIS_HBV_INFECTIONS_NEW_NUM,COUNTRY,SUR,AMR,YEAR,Americas,,,2022,,,,,,,19,19.0,,,,2025-01-08T11:26:29.403+01:00,2022,2022-01-01T00:00:00+01:00,2022-12-31T00:00:00+01:00
7233470,HEPATITIS_HBV_INFECTIONS_NEW_NUM,COUNTRY,VCT,AMR,YEAR,Americas,,,2022,,,,,,,5,5.0,,,,2025-01-08T11:26:29.403+01:00,2022,2022-01-01T00:00:00+01:00,2022-12-31T00:00:00+01:00
6546238,HEPATITIS_HBV_INFECTIONS_NEW_NUM,COUNTRY,BDI,AFR,YEAR,Africa,,,2022,,,,,,,2100,2100.0,,,,2025-01-08T11:26:29.403+01:00,2022,2022-01-01T00:00:00+01:00,2022-12-31T00:00:00+01:00
9283411,HEPATITIS_HBV_INFECTIONS_NEW_NUM,COUNTRY,BEN,AFR,YEAR,Africa,,,2022,,,,,,,10 139,10139.0,,,,2025-01-08T11:26:29.403+01:00,2022,2022-01-01T00:00:00+01:00,2022-12-31T00:00:00+01:00
6407615,HEPATITIS_HBV_INFECTIONS_NEW_NUM,COUNTRY,SMR,EUR,YEAR,Europe,,,2022,,,,,,,0,0.0,,,,2025-01-08T11:26:29.403+01:00,2022,2022-01-01T00:00:00+01:00,2022-12-31T00:00:00+01:00
5683458,HEPATITIS_HBV_INFECTIONS_NEW_NUM,COUNTRY,TZA,AFR,YEAR,Africa,,,2022,,,,,,,10 410,10410.0,,,,2025-01-08T11:26:29.403+01:00,2022,2022-01-01T00:00:00+01:00,2022-12-31T00:00:00+01:00
6578249,HEPATITIS_HBV_INFECTIONS_NEW_NUM,COUNTRY,PHL,WPR,YEAR,Western Pacific,,,2022,,,,,,,31 609,31609.0,,,,2025-01-08T11:26:29.403+01:00,2022,2022-01-01T00:00:00+01:00,2022-12-31T00:00:00+01:00
932096,HEPATITIS_HBV_INFECTIONS_NEW_NUM,COUNTRY,CAF,AFR,YEAR,Africa,,,2022,,,,,,,12 204,12204.0,,,,2025-01-08T11:26:29.403+01:00,2022,2022-01-01T00:00:00+01:00,2022-12-31T00:00:00+01:00
6775304,HEPATITIS_HBV_INFECTIONS_NEW_NUM,COUNTRY,BIH,EUR,YEAR,Europe,,,2022,,,,,,,168,168.0,,,,2025-01-08T11:26:29.403+01:00,2022,2022-01-01T00:00:00+01:00,2022-12-31T00:00:00+01:00
3300821,HEPATITIS_HBV_INFECTIONS_NEW_NUM,COUNTRY,ARM,EUR,YEAR,Europe,,,2022,,,,,,,19,19.0,,,,2024-04-02T13:53:05.823+02:00,2022,2022-01-01T00:00:00+01:00,2022-12-31T00:00:00+01:00
2932332,HEPATITIS_HBV_INFECTIONS_NEW_NUM,COUNTRY,SYR,EMR,YEAR,Eastern Mediterranean,,,2022,,,,,,,19 724,19724.0,,,,2025-01-08T11:26:29.403+01:00,2022,2022-01-01T00:00:00+01:00,2022-12-31T00:00:00+01:00
6033104,HEPATITIS_HBV_INFECTIONS_NEW_NUM,COUNTRY,TUN,EMR,YEAR,Eastern Mediterranean,,,2022,,,,,,,325,325.0,,,,2025-01-08T11:26:29.403+01:00,2022,2022-01-01T00:00:00+01:00,2022-12-31T00:00:00+01:00
8700473,HEPATITIS_HBV_INFECTIONS_NEW_NUM,COUNTRY,COK,WPR,YEAR,Western Pacific,,,2022,,,,,,,12,12.0,,,,2025-01-08T11:26:29.403+01:00,2022,2022-01-01T00:00:00+01:00,2022-12-31T00:00:00+01:00
9810432,HEPATITIS_HBV_INFECTIONS_NEW_NUM,COUNTRY,KEN,AFR,YEAR,Africa,,,2022,,,,,,,11 518,11518.0,,,,2025-01-08T11:26:29.403+01:00,2022,2022-01-01T00:00:00+01:00,2022-12-31T00:00:00+01:00
1333734,HEPATITIS_HBV_INFECTIONS_NEW_NUM,COUNTRY,COM,AFR,YEAR,Africa,,,2022,,,,,,,230,230.0,,,,2025-01-08T11:26:29.403+01:00,2022,2022-01-01T00:00:00+01:00,2022-12-31T00:00:00+01:00
2703557,HEPATITIS_HBV_INFECTIONS_NEW_NUM,COUNTRY,SWZ,AFR,YEAR,Africa,,,2022,,,,,,,403,403.0,,,,2025-01-08T11:26:29.403+01:00,2022,2022-01-01T00:00:00+01:00,2022-12-31T00:00:00+01:00
5588718,HEPATITIS_HBV_INFECTIONS_NEW_NUM,COUNTRY,BFA,AFR,YEAR,Africa,,,2022,,,,,,,7307,7307.0,,,,2024-04-02T13:53:05.823+02:00,2022,2022-01-01T00:00:00+01:00,2022-12-31T00:00:00+01:00
9063706,HEPATITIS_HBV_INFECTIONS_NEW_NUM,COUNTRY,DMA,AMR,YEAR,Americas,,,2022,,,,,,,4,4.0,,,,2025-01-08T11:26:29.403+01:00,2022,2022-01-01T00:00:00+01:00,2022-12-31T00:00:00+01:00
3485304,HEPATITIS_HBV_INFECTIONS_NEW_NUM,COUNTRY,NAM,AFR,YEAR,Africa,,,2022,,,,,,,630,630.0,,,,2025-01-08T11:26:29.403+01:00,2022,2022-01-01T00:00:00+01:00,2022-12-31T00:00:00+01:00
3517144,HEPATITIS_HBV_INFECTIONS_NEW_NUM,COUNTRY,MHL,WPR,YEAR,Western Pacific,,,2022,,,,,,,8,8.0,,,,2025-01-08T11:26:29.403+01:00,2022,2022-01-01T00:00:00+01:00,2022-12-31T00:00:00+01:00
6001780,HEPATITIS_HBV_INFECTIONS_NEW_NUM,COUNTRY,ALB,EUR,YEAR,Europe,,,2022,,,,,,,90,90.0,,,,2025-01-08T11:26:29.403+01:00,2022,2022-01-01T00:00:00+01:00,2022-12-31T00:00:00+01:00
3873694,HEPATITIS_HBV_INFECTIONS_NEW_NUM,COUNTRY,CAN,AMR,YEAR,Americas,,,2022,,,,,,,98,98.0,,,,2025-01-08T11:26:29.403+01:00,2022,2022-01-01T00:00:00+01:00,2022-12-31T00:00:00+01:00
5461322,HEPATITIS_HBV_INFECTIONS_NEW_NUM,COUNTRY,MLI,AFR,YEAR,Africa,,,2022,,,,,,,12 432,12432.0,,,,2025-01-08T11:26:29.403+01:00,2022,2022-01-01T00:00:00+01:00,2022-12-31T00:00:00+01:00
2722938,HEPATITIS_HBV_INFECTIONS_NEW_NUM,COUNTRY,TON,WPR,YEAR,Western Pacific,,,2022,,,,,,,19,19.0,,,,2025-01-08T11:26:29.403+01:00,2022,2022-01-01T00:00:00+01:00,2022-12-31T00:00:00+01:00
5842913,HEPATITIS_HBV_INFECTIONS_NEW_NUM,COUNTRY,ISL,EUR,YEAR,Europe,,,2022,,,,,,,1,1.0,,,,2025-01-08T11:26:29.403+01:00,2022,2022-01-01T00:00:00+01:00,2022-12-31T00:00:00+01:00
4191918,HEPATITIS_HBV_INFECTIONS_NEW_NUM,COUNTRY,EGY,EMR,YEAR,Eastern Mediterranean,,,2022,,,,,,,1778,1778.0,,,,2024-04-02T13:53:05.823+02:00,2022,2022-01-01T00:00:00+01:00,2022-12-31T00:00:00+01:00
2322843,HEPATITIS_HBV_INFECTIONS_NEW_NUM,COUNTRY,COG,AFR,YEAR,Africa,,,2022,,,,,,,3808,3808.0,,,,2025-01-08T11:26:29.403+01:00,2022,2022-01-01T00:00:00+01:00,2022-12-31T00:00:00+01:00
1888250,HEPATITIS_HBV_INFECTIONS_NEW_NUM,COUNTRY,KHM,WPR,YEAR,Western Pacific,,,2022,,,,,,,888,888.0,,,,2024-04-02T13:53:05.823+02:00,2022,2022-01-01T00:00:00+01:00,2022-12-31T00:00:00+01:00
7069477,HEPATITIS_HBV_INFECTIONS_NEW_NUM,COUNTRY,BLZ,AMR,YEAR,Americas,,,2022,,,,,,,5,5.0,,,,2025-01-08T11:26:29.403+01:00,2022,2022-01-01T00:00:00+01:00,2022-12-31T00:00:00+01:00
9589538,HEPATITIS_HBV_INFECTIONS_NEW_NUM,COUNTRY,LSO,AFR,YEAR,Africa,,,2022,,,,,,,1048,1048.0,,,,2025-01-08T11:26:29.403+01:00,2022,2022-01-01T00:00:00+01:00,2022-12-31T00:00:00+01:00
3944199,HEPATITIS_HBV_INFECTIONS_NEW_NUM,COUNTRY,MWI,AFR,YEAR,Africa,,,2022,,,,,,,2680,2680.0,,,,2025-01-08T11:26:29.403+01:00,2022,2022-01-01T00:00:00+01:00,2022-12-31T00:00:00+01:00
9748482,HEPATITIS_HBV_INFECTIONS_NEW_NUM,COUNTRY,FSM,WPR,YEAR,Western Pacific,,,2022,,,,,,,22,22.0,,,,2025-01-08T11:26:29.403+01:00,2022,2022-01-01T00:00:00+01:00,2022-12-31T00:00:00+01:00
8555729,HEPATITIS_HBV_INFECTIONS_NEW_NUM,COUNTRY,ERI,AFR,YEAR,Africa,,,2022,,,,,,,775,775.0,,,,2025-01-08T11:26:29.403+01:00,2022,2022-01-01T00:00:00+01:00,2022-12-31T00:00:00+01:00
519793,HEPATITIS_HBV_INFECTIONS_NEW_NUM,COUNTRY,NIC,AMR,YEAR,Americas,,,2022,,,,,,,80,80.0,,,,2025-01-08T11:26:29.403+01:00,2022,2022-01-01T00:00:00+01:00,2022-12-31T00:00:00+01:00
354618,HEPATITIS_HBV_INFECTIONS_NEW_NUM,COUNTRY,TCD,AFR,YEAR,Africa,,,2022,,,,,,,25 053,25053.0,,,,2025-01-08T11:26:29.403+01:00,2022,2022-01-01T00:00:00+01:00,2022-12-31T00:00:00+01:00
6110660,HEPATITIS_HBV_INFECTIONS_NEW_NUM,COUNTRY,SEN,AFR,YEAR,Africa,,,2022,,,,,,,2569,2569.0,,,,2025-01-08T11:26:29.403+01:00,2022,2022-01-01T00:00:00+01:00,2022-12-31T00:00:00+01:00
6579722,HEPATITIS_HBV_INFECTIONS_NEW_NUM,COUNTRY,SDN,EMR,YEAR,Eastern Mediterranean,,,2022,,,,,,,15 376,15376.0,,,,2025-01-08T11:26:29.403+01:00,2022,2022-01-01T00:00:00+01:00,2022-12-31T00:00:00+01:00
5735469,HEPATITIS_HBV_INFECTIONS_NEW_NUM,COUNTRY,TGO,AFR,YEAR,Africa,,,2022,,,,,,,5454,5454.0,,,,2025-01-08T11:26:29.403+01:00,2022,2022-01-01T00:00:00+01:00,2022-12-31T00:00:00+01:00
1264773,HEPATITIS_HBV_INFECTIONS_NEW_NUM,COUNTRY,AUS,WPR,YEAR,Western Pacific,,,2022,,,,,,,222,222.0,,,,2024-04-02T13:53:05.823+02:00,2022,2022-01-01T00:00:00+01:00,2022-12-31T00:00:00+01:00
6263451,HEPATITIS_HBV_INFECTIONS_NEW_NUM,COUNTRY,JPN,WPR,YEAR,Western Pacific,,,2022,,,,,,,152,152.0,,,,2025-01-08T11:26:29.403+01:00,2022,2022-01-01T00:00:00+01:00,2022-12-31T00:00:00+01:00
6307950,HEPATITIS_HBV_INFECTIONS_NEW_NUM,COUNTRY,CRI,AMR,YEAR,Americas,,,2022,,,,,,,2,2.0,,,,2025-01-08T11:26:29.403+01:00,2022,2022-01-01T00:00:00+01:00,2022-12-31T00:00:00+01:00
2323359,HEPATITIS_HBV_INFECTIONS_NEW_NUM,COUNTRY,AND,EUR,YEAR,Europe,,,2022,,,,,,,0,0.0,,,,2025-01-08T11:26:29.403+01:00,2022,2022-01-01T00:00:00+01:00,2022-12-31T00:00:00+01:00
3093226,HEPATITIS_HBV_INFECTIONS_NEW_NUM,COUNTRY,BOL,AMR,YEAR,Americas,,,2022,,,,,,,207,207.0,,,,2025-01-08T11:26:29.403+01:00,2022,2022-01-01T00:00:00+01:00,2022-12-31T00:00:00+01:00
4218159,HEPATITIS_HBV_INFECTIONS_NEW_NUM,COUNTRY,MYS,WPR,YEAR,Western Pacific,,,2022,,,,,,,5230,5230.0,,,,2024-04-02T13:53:05.823+02:00,2022,2022-01-01T00:00:00+01:00,2022-12-31T00:00:00+01:00
6257305,HEPATITIS_HBV_INFECTIONS_NEW_NUM,COUNTRY,STP,AFR,YEAR,Africa,,,2022,,,,,,,74,74.0,,,,2025-01-08T11:26:29.403+01:00,2022,2022-01-01T00:00:00+01:00,2022-12-31T00:00:00+01:00
8422586,HEPATITIS_HBV_INFECTIONS_NEW_NUM,COUNTRY,NGA,AFR,YEAR,Africa,,,2022,,,,,,,299 334,299334.0,,,,2025-01-08T11:26:29.403+01:00,2022,2022-01-01T00:00:00+01:00,2022-12-31T00:00:00+01:00
5043773,HEPATITIS_HBV_INFECTIONS_NEW_NUM,COUNTRY,TKM,EUR,YEAR,Europe,,,2022,,,,,,,547,547.0,,,,2025-01-08T11:26:29.403+01:00,2022,2022-01-01T00:00:00+01:00,2022-12-31T00:00:00+01:00
2539498,HEPATITIS_HBV_INFECTIONS_NEW_NUM,COUNTRY,NZL,WPR,YEAR,Western Pacific,,,2022,,,,,,,18,18.0,,,,2025-01-08T11:26:29.403+01:00,2022,2022-01-01T00:00:00+01:00,2022-12-31T00:00:00+01:00
9355619,HEPATITIS_HBV_INFECTIONS_NEW_NUM,COUNTRY,BWA,AFR,YEAR,Africa,,,2022,,,,,,,645,645.0,,,,2025-01-08T11:26:29.403+01:00,2022,2022-01-01T00:00:00+01:00,2022-12-31T00:00:00+01:00
4141852,HEPATITIS_HBV_INFECTIONS_NEW_NUM,COUNTRY,COL,AMR,YEAR,Americas,,,2022,,,,,,,277,277.0,,,,2025-01-08T11:26:29.403+01:00,2022,2022-01-01T00:00:00+01:00,2022-12-31T00:00:00+01:00
6206430,HEPATITIS_HBV_INFECTIONS_NEW_NUM,COUNTRY,ATG,AMR,YEAR,Americas,,,2022,,,,,,,5,5.0,,,,2025-01-08T11:26:29.403+01:00,2022,2022-01-01T00:00:00+01:00,2022-12-31T00:00:00+01:00
8416347,HEPATITIS_HBV_INFECTIONS_NEW_NUM,COUNTRY,JOR,EMR,YEAR,Eastern Mediterranean,,,2022,,,,,,,472,472.0,,,,2025-01-08T11:26:29.403+01:00,2022,2022-01-01T00:00:00+01:00,2022-12-31T00:00:00+01:00
8333967,HEPATITIS_HBV_INFECTIONS_NEW_NUM,COUNTRY,URY,AMR,YEAR,Americas,,,2022,,,,,,,8,8.0,,,,2025-01-08T11:26:29.403+01:00,2022,2022-01-01T00:00:00+01:00,2022-12-31T00:00:00+01:00
7025755,HEPATITIS_HBV_INFECTIONS_NEW_NUM,COUNTRY,SLV,AMR,YEAR,Americas,,,2022,,,,,,,51,51.0,,,,2025-01-08T11:26:29.403+01:00,2022,2022-01-01T00:00:00+01:00,2022-12-31T00:00:00+01:00
9837685,HEPATITIS_HBV_INFECTIONS_NEW_NUM,COUNTRY,VNM,WPR,YEAR,Western Pacific,,,2022,,,,,,,12 605,12605.0,,,,2025-01-08T11:26:29.403+01:00,2022,2022-01-01T00:00:00+01:00,2022-12-31T00:00:00+01:00
8276928,HEPATITIS_HBV_INFECTIONS_NEW_NUM,COUNTRY,CIV,AFR,YEAR,Africa,,,2022,,,,,,,6986,6986.0,,,,2025-01-08T11:26:29.403+01:00,2022,2022-01-01T00:00:00+01:00,2022-12-31T00:00:00+01:00
2482656,HEPATITIS_HBV_INFECTIONS_NEW_NUM,COUNTRY,MRT,AFR,YEAR,Africa,,,2022,,,,,,,1938,1938.0,,,,2025-01-08T11:26:29.403+01:00,2022,2022-01-01T00:00:00+01:00,2022-12-31T00:00:00+01:00
